Designators,Qty,Description,Value,Manufacturer Part,Manufacturer,LCSC Part
"C1, C2, C3, C21",4,Capacitor,100nF,CC0603KRX7R9BB104,YAGEO,C14663
"C18, C104",2,Capacitor,47uF,GRM188R60J476ME15D,muRata,C140782
"C20, C106",2,Capacitor,100nF,CL10B104KB8NNNC,SAMSUNG,C1591
C54,1,Capacitor,220uF,35ZLH220MEFC8X11.5,Rubycon,C107639
C103,1,Capacitor,680uF,ERG35V680M10X16,JIERR,C47344182
C105,1,Capacitor,10uF,CL10A106KP8NNNC,SAMSUNG,C19702
"C107, C108",2,Capacitor,220pF,GRM1555C1H221JA01D,muRata,C71693
"D3, D4, D5, D6, D7, D8, D9, D10, D12, D13",10,Flyback diode,,1N4007,YONGYUTAI,C2909831
D11,1,Schottky diode 3 A,,SS34,MDD,C8678
DC1,1,DC barrel jack,,DC-005 2.0,BOOMELE,C16214
"H1, H2",2,Header 1x6 2.54 mm (inputs),,PZ2.54-1X6P-H25,JXTCONN,C42431790
"H9, H10",2,Female header 1x19 (ESP32 DevKit socket),,HC-PM254-8.5H-1x19PZ,HC,C22373905
"I2C, UART, UART_SCREEN",3,JST-PH 4-pin,,B4B-PH-K-S(LF)(SN),JST,C131334
L1,1,Power inductor 33 uH,33uH,SMDRI127-330MT,SXN,C9400
"L2, L3",2,Ferrite bead,,BLM21PG300SN1D,muRata,C16903
"LED2, LED4, LED5, LED6, LED7, LED8, LED9, LED10, LED11, LED12, LED13, LED14, LED15, LED16, LED17, LED18, LED19, LED20, LED21, LED22",20,Indicator LED 0603,,YLED0603R,YONGYUTAI,C19171390
"Q1, Q2, Q3, Q4, Q5, Q6, Q7, Q8, Q9, Q10",10,"NPN transistor, relay driver",,2N2222A,ST,C118536
R1,1,Resistor,100kΩ,RC0603FR-07100KL,YAGEO,C14675
"R6, R66, R69, R72, R75, R78, R82, R85, R88, R91",10,Resistor,470Ω,0603WAF4700T5E,UNI-ROYAL,C23179
"R12, R17, R22, R27, R32, R37, R42, R47, R52, R57",10,Resistor,390Ω,0603WAF3900T5E,UNI-ROYAL,C23151
"R13, R18, R23, R28, R33, R38, R43, R48, R53, R58",10,Resistor,2kΩ,0603WAF2001T5E,UNI-ROYAL,C22975
"R14, R19, R24, R29, R34, R39, R44, R49, R54, R59, R93, R94, R95, R96, R97, R98, R99, R100, R101, R102",20,Resistor,4.7kΩ,RC0603FR-074K7L,YAGEO,C99782
"R15, R20, R25, R30, R35, R40, R45, R50, R55, R60, R92, R103, R104, R105",14,Resistor,10kΩ,RC0603FR-0710KL,YAGEO,C98220
"R16, R21, R26, R31, R36, R41, R46, R51, R56, R61",10,Resistor,0Ω,RC0603JR-070RL,YAGEO,C95177
"R65, R68, R71, R74, R77, R79, R81, R84, R87, R90",10,Resistor,220Ω,0603WAF2200T5E,UNI-ROYAL,C22962
"RELAY1, RELAY2, RELAY3, RELAY4, RELAY5, RELAY6, RELAY7, RELAY8, RELAY9, RELAY10",10,"Relay 12 V coil, SPDT",,SRD-12VDC-SL-C,Songle,C30431
SPI,1,JST-PH 6-pin,,B6B-PH-K-S(LF)(SN),JST,C131342
"U6, U7, U8, U9, U16, U18, U20, U22, U40, U41, U59, U60, U61, U62, U63, U64, U65, U66, U67, U68",20,Optocoupler,,PC817C-S,UMW,C3008369
"U29, U30, U31",3,I2C 8-bit I/O expander,,"PCF8574AT/3,518",NXP,C86832
U39,1,Buck regulator 5 V / 3 A,,LM2596SX-5.0/NOPB,TI,C10002
U45,1,LDO 3.3 V / 1.5 A,,TL1963A-33DCYR,TI,C181262
U46,1,I2S class-D amplifier,,MAX98357AETE+T,ADI/MAXIM,C910544
U47,1,I2S MEMS microphone,,ICS-43434,TDK InvenSense,C5656610
U48,1,Header 1x2 (speaker),,HX PZ2.54-1x2P ZZ,hanxia,C32713268
"U49, U50, U51, U52, U53, U54, U55, U56, U57, U58",10,Screw terminal 2P 5.08 mm,,2EDGRC-5.08-02P-14-100A(H),DEGSON,C669314
U69,1,Screw terminal 2P 3.81 mm,,DB125-3.81-2P-GN-S,DORABO,C395878
U70,1,Power slide switch,,SMXMS-01K-TR,SM Switch,C19272173
